Brd4_mean,Brd4_variance,Cdc7_mean,Cdc7_variance,Group,Replicate
93.31697961344648,10207.684297387594,197.2737850162456,25539.476230728975,DMSO,1
89.08183841056334,12339.565267661,214.45521004283194,33816.41903572667,DMSO,1
85.90807779316609,13214.350023222518,150.18510345710445,37768.11815234931,DMSO,1
106.3789921107531,12350.419592464435,229.02181345839165,31170.06652825836,DMSO,1
100.55823835470525,14122.630300219264,339.17887992134047,73187.10915837409,DMSO,1
101.43291367938056,9508.394166666667,237.72504875250934,37278.27044166667,DMSO,1
107.54646508124969,12948.84396744985,249.57546931325692,41642.734816723445,DMSO,1
113.9095003003068,16346.39337548435,278.9037022688043,60790.537575502596,DMSO,1
101.83834003596971,18374.267393035272,175.8201262718892,33545.36703022655,DMSO,1
88.79428491683873,11102.830773704994,165.3745972474926,38600.61961275601,DMSO,1
123.70278945577806,25860.89457389761,308.1498003053043,98893.75065583888,DMSO,1
118.1935871228367,25632.880292684975,344.378536681353,89274.28861308847,DMSO,1
124.46253151377547,14161.417227879427,212.83966658690417,42655.04899539536,DMSO,1
123.36192131296835,29252.497650923604,303.191346462433,53605.980489919,DMSO,1
133.86315684047477,16424.40158535121,314.8960669895914,63741.68457654678,DMSO,1
104.06997661644348,8949.9947277373,197.55375504621566,33265.632705144504,DMSO,1
132.9586712551381,23904.283786481417,343.28277602523656,71587.91639717332,DMSO,1
134.8009841234847,20175.489841912346,342.2336322134588,70396.09702421853,DMSO,1
130.93144309114527,15147.68293901384,290.6159311054505,46103.674083044985,DMSO,1
127.36706860895802,16591.990946116843,254.34455579476287,44508.50430222178,DMSO,1
120.9599887781948,13657.967379587246,142.9645942070548,25761.33192597916,DMSO,1
137.8799286047537,22921.539543328134,363.8831830808675,70380.63912898196,DMSO,1
117.36434225080913,23199.106797959186,347.7600487525093,107795.30178571428,DMSO,1
132.05532747248398,25914.33521601269,331.38552767971237,85499.64828760587,DMSO,1
134.03143622992488,16380.302591129737,310.96028203400226,46852.83733664853,DMSO,1
134.62291367938056,21230.494400000003,288.64204875250925,64689.67657599999,DMSO,1
127.12667407871501,19049.678101666384,216.9468207990983,38720.748082092796,DMSO,1
131.55542829926358,28632.45561882288,309.0963060624508,82234.25425558291,DMSO,1
131.7111075119797,12458.71827999767,231.4549826732142,59890.2645888723,DMSO,1
133.85700694362927,15765.394406561252,295.1849192188306,56098.93185555317,DMSO,1
137.07999397135134,17574.273203154135,316.9826764897356,72927.92808287601,DMSO,1
134.7221052435282,21593.03257649933,131.39141957851984,26950.562816398517,DMSO,1
133.51126346781498,32425.02019769993,259.3950981178125,85752.93072147148,DMSO,1
129.7266125337177,18532.778761441226,217.12134171486605,55827.57517525132,DMSO,1
130.21624701271386,16029.232346832816,159.2250020235374,31815.40239322211,DMSO,1
134.2641985955817,12800.263839689773,229.15669679720202,49427.809499937575,DMSO,1
140.39819145715833,24221.676155478395,230.84338208584268,72792.57777777777,DMSO,1
126.74222103868792,19092.937276287925,215.4357341781947,59388.079975179535,DMSO,1
123.32644737701261,19482.843806092213,105.26323636635266,23115.24919293566,DMSO,1
119.1386892569383,10974.418902286267,152.08760650828492,36676.4114765437,DMSO,1
129.69675105455886,22424.95428784231,208.26111865265193,60215.31214222193,DMSO,1
124.17874080307652,15078.239982587103,88.37219480317992,23361.733231758102,DMSO,1
113.89081881772049,16999.95349482104,106.77091831772668,27571.043607148993,DMSO,1
80.32244100857517,6224.380074628959,227.9937419022741,22829.84592813923,DMSO,2
70.83948787195229,8806.306199780862,231.9294390673291,39118.561541271,DMSO,2
75.3868454974349,7869.6372319435595,234.2009762294913,23304.604108537947,DMSO,2
61.83622485283561,5560.077507436051,140.31599147339375,19366.68257584771,DMSO,2
59.08471839659458,6610.291788661166,197.811058243066,43009.623784320545,DMSO,2
74.91396994157057,10253.00274417478,229.47292418668974,34859.01509863889,DMSO,2
90.17178112866415,10182.136245736801,193.38728229261426,50644.939981346775,DMSO,2
86.92540907142828,8915.67818107391,226.8160177465469,31345.60313812454,DMSO,2
81.49432143602863,6662.968824559402,225.67400657470284,26969.839534526123,DMSO,2
84.0842826667471,20300.12426611797,185.24160122949127,51567.70898148148,DMSO,2
93.67399877879822,9507.410239892808,290.59413930055723,49692.21319152774,DMSO,2
87.89052179177818,11180.943027791542,253.76878243754493,53870.03840547723,DMSO,2
81.87572115207561,13773.534687511665,210.47143829670108,85619.26661993272,DMSO,2
96.97754595015121,7822.234517770607,214.86121893572874,39582.51080729852,DMSO,2
103.71516727035899,13061.099553005639,271.55716596778325,58284.95060484636,DMSO,2
90.91284512751295,8806.904876915602,198.89856921442538,29938.001815853968,DMSO,2
98.50171068722719,8839.094785156438,260.4946532941233,33012.4573874533,DMSO,2
119.19148713148579,15561.973728654533,208.64265976000183,67603.4208052307,DMSO,2
111.30372156672493,12974.553683800064,252.7128587145212,37095.199368478614,DMSO,2
93.94369051441643,8800.278410081934,261.32859974360724,46114.288928286776,DMSO,2
93.01419829666273,6860.685007677285,198.08967072756082,21547.987448010615,DMSO,2
112.9846999854743,21613.047930427285,280.37563878817673,71781.03004254005,DMSO,2
103.9167659697222,9270.947206545432,243.7473389344093,35307.32820478366,DMSO,2
103.0205387311182,11337.1965315559,307.8679590569674,55229.41404168665,DMSO,2
118.14884696579415,11190.623977161593,273.7998240411624,38564.507041138684,DMSO,2
108.50976709156927,13490.341044691022,231.0021972559814,46457.767834744096,DMSO,2
111.63890514084406,12970.734136150919,232.80025656179419,46597.82817856281,DMSO,2
89.3497463055684,7520.809669534873,185.35437495211897,25233.662701795518,DMSO,2
112.35905916738565,16766.186310939356,307.37953226397406,68870.38778537455,DMSO,2
108.26836951221324,12473.26614221165,301.034359850181,59571.01086135552,DMSO,2
107.11642969397607,11248.968054334187,249.93964662671704,54597.490465914714,DMSO,2
93.62923349993324,9334.828094156064,128.10352491788558,25915.086105838374,DMSO,2
115.46319001984799,10588.58770779405,245.9830968306643,36800.43177518253,DMSO,2
106.28720163708178,9291.134658837655,291.16784521022964,36139.48335218445,DMSO,2
120.9099236923881,18813.055821381316,270.6599772978674,50288.73036744832,DMSO,2
111.23026892449806,11029.651226542363,322.3955227981187,42585.92233756247,DMSO,2
115.49504271589578,13305.402908490127,193.15084293565246,35701.91157730809,DMSO,2
101.93493265448316,7141.683303363888,248.98729659372975,37217.66958411911,DMSO,2
96.75449293465189,12096.660600536505,181.51235050903017,48054.626284164806,DMSO,2
114.66968571685604,12140.080362253833,284.8569607066155,39272.137427485155,DMSO,2
97.75465303711744,6409.445365763773,314.7010539658097,26229.51704165738,DMSO,2
98.09912931855652,13265.202182248091,207.4297101120128,62369.0525878277,DMSO,2
99.91887232248214,13324.741373789517,197.7347730356587,27887.576418133478,DMSO,2
95.42782543910343,7748.10446793811,175.1570865915868,30722.267283316043,DMSO,2
83.4049262611612,9623.307361289444,98.23094549178637,25374.321657857807,DMSO,2
95.2205224940183,11181.511637519801,221.90550257478276,48249.462004062014,DMSO,2
81.94075046459417,9969.584901895756,165.2648360406571,30590.262682639448,DMSO,2
104.33010909018546,14651.591643771191,163.25163439698713,24852.81808756109,DMSO,2
82.51747345412096,8862.882768342064,151.15775514853107,33448.20172814085,DMSO,3
96.36169019224005,14100.706404560737,127.74286261926233,28479.271007908726,DMSO,3
97.79587941584478,8704.98006151406,94.13084650196635,24548.492921596364,DMSO,3
84.55848599724632,11566.140274830494,149.73144935301883,32064.964533409246,DMSO,3
83.34689324613075,11352.995887411205,147.7758593946058,24052.338536381278,DMSO,3
90.92365336748239,8406.268027286387,177.44097429504865,44499.18062290827,DMSO,3
100.66916429398717,12743.760554347471,166.13961401300065,39743.282456501445,DMSO,3
111.48389381913697,14446.035038696677,151.4772971192503,31664.778997104102,DMSO,3
110.28559305332331,19455.630506885664,204.80384441709992,61773.251984562085,DMSO,3
100.87258540265347,13278.198869915137,213.34200200678623,49597.41757307442,DMSO,3
106.39918719194665,11383.679347269712,110.15882329097252,22519.63074056633,DMSO,3
120.05161613082063,15418.700776110423,217.95180060824651,49031.88106036442,DMSO,3
106.23118732430166,10556.228716382195,172.50508053947732,29675.113536023317,DMSO,3
118.33575888198826,14366.643801416541,216.25778975742077,42072.86989119597,DMSO,3
105.70384557165576,11569.290248234758,197.00496846876064,34782.304682109774,DMSO,3
100.28179378862623,18022.407875503988,170.6308925471073,54976.28922628177,DMSO,3
100.87555829685343,9219.823719128815,219.67167589518925,35558.550052814244,DMSO,3
114.42188041684577,12224.934735094048,218.353569224689,41215.88278111304,DMSO,3
110.81411563987368,12704.790138145285,143.51945309636557,22170.57469099081,DMSO,3
116.2636172897019,18545.71008132833,208.86016813531518,48825.25673959179,DMSO,3
108.16127340294926,10670.264452785656,187.40912098089865,46781.55886836368,DMSO,3
117.0001783576437,17899.269297052153,242.4061960862444,59698.6528502013,DMSO,3
125.52682670929207,25302.15260313938,278.34754878116854,90387.55447690665,DMSO,3
117.17548518140413,14638.329923477522,208.43236902964867,38702.11712190456,DMSO,3
126.27102620897935,22804.479513517083,231.50319293376396,49330.33953334656,DMSO,3
110.80953209914028,15249.145401655558,238.58374710665265,41374.67544773011,DMSO,3
99.11280775722966,12977.654834418538,204.09028692064584,44810.36797954574,DMSO,3
102.36291299506715,13405.218975798167,254.11804298267936,64838.51157291827,DMSO,3
104.0582952407606,7557.1893795913675,207.32992057604037,24236.657078598484,DMSO,3
123.34586690333228,13491.823520818118,183.82597913459887,36509.43936368801,DMSO,3
108.30831082873917,16972.24972856818,226.72146721527218,53229.962565929236,DMSO,3
111.94562077278843,15972.383546854535,261.8821316093153,53749.648400047845,DMSO,3
114.56378379982058,19732.086731801563,232.34565186855735,52387.776192790036,DMSO,3
107.05245348991886,14099.171388751716,270.71779094641073,78182.59124060356,DMSO,3
105.26908020409658,14992.408318387743,237.64205614455346,81125.07393390509,DMSO,3
111.90954074666715,17578.641985061764,226.23917198846976,64297.00485173481,DMSO,3
98.62274848158373,10234.82802225788,201.5746612805413,36235.171747963584,DMSO,3
101.59864909729092,12259.221238445964,257.1434142167399,55451.221506365626,DMSO,3
92.80901563488592,11025.781048872746,182.26128560671526,23705.61652677933,DMSO,3
89.44860794224351,10144.035350334489,220.91564752639493,58260.56278054425,DMSO,3
106.57182337928876,14514.931723309157,182.653784212404,34054.905917945696,DMSO,3
101.79562349221928,17027.72434088191,232.28108517231368,72938.43583812352,DMSO,3
107.75613108564832,22799.04488188126,217.6951934218567,87923.91892816378,DMSO,4
95.2551040227718,18293.844677867848,113.34895348523054,44668.923667405026,DMSO,4
95.17102491605775,10769.254776984653,195.16446180847203,34302.879930630355,DMSO,4
123.63266654384879,20676.68174419887,251.20879356616632,72155.3365239682,DMSO,4
113.21353793004707,21066.047115642243,229.30062882360602,106411.24876801345,DMSO,4
111.42937586743196,13068.952871287129,197.81096924991385,38374.419151063616,DMSO,4
118.59809624657888,16056.681296466835,115.03007206066883,29926.613491386088,DMSO,4
91.33031630630344,20478.36711510303,220.12852100508934,91425.28469649474,DMSO,4
124.96347800911238,23900.140632760573,267.8661277146895,104612.1253850601,DMSO,4
117.23400220195154,22226.532861159307,233.69678370324533,66890.94567254721,DMSO,4
128.36818490233955,29407.854407616505,232.59071999706242,64111.92047021323,DMSO,4
115.81664859470473,18383.13474710744,272.484884641453,70039.55267438016,DMSO,4
107.76555677195458,16363.445474861746,115.30120259485642,31294.526350344684,DMSO,4
120.94777864520975,15851.592300226657,233.94354625761463,55295.22333140432,DMSO,4
113.45196238837914,18088.003569994795,207.4520845089807,78137.16415008577,DMSO,4
126.65637409123306,25109.81824090053,280.6608962674824,81336.36406714853,DMSO,4
136.28899125204734,27681.336446005924,268.80946506103345,84378.75829018738,DMSO,4
131.47021865511434,21772.956386972044,264.8843777901196,79518.6516736759,DMSO,4
125.51782471231647,23410.67230881504,265.76278443143195,96892.37230554738,DMSO,4
129.4888829096855,18963.100472996426,193.35835455182433,46982.46449117239,DMSO,4
150.75876933555017,38765.53174877675,299.3801822520849,125290.12120962921,DMSO,4
135.17000086743198,24277.711127387152,239.05118514650354,77347.614571277,DMSO,4
140.19005962811573,31348.155377310253,280.6289095054779,91353.61206808385,DMSO,4
150.72705028603664,31757.273536631026,210.13795343312648,56646.52928018023,DMSO,4
152.966557531269,28745.29826098737,314.89113869300417,89488.67103461595,DMSO,4
135.31106600827704,26468.10727038286,327.50448131238767,115910.02625657109,DMSO,4
145.57230849622985,37460.37497316983,312.3270318733492,131568.0903029235,DMSO,4
127.39974623780236,16968.07335210454,217.34595853831632,52395.12287541466,DMSO,4
137.1539433414804,24504.264759761012,294.0752023514247,138796.64102740627,DMSO,4
136.3521511313837,31442.888274650853,318.41825088305455,112629.69137041057,DMSO,4
132.7357148066299,25384.949985691073,292.5904756093467,103479.15721580041,DMSO,4
125.62750670855345,15400.819809590357,281.5594470883519,67931.8160328413,DMSO,4
128.11285116555806,23258.37974397,205.3098745748586,60143.84581897965,DMSO,4
143.87080443886057,30620.81914081633,324.57215736872575,160453.3821714286,DMSO,4
141.06761116154965,24240.901479238757,284.27156913343157,85630.19545847751,DMSO,4
144.94579815482203,39949.6484399859,326.19157085846183,176096.12225772053,DMSO,4
131.76727909323844,28516.73910097988,270.4612433902311,92878.02995830443,DMSO,4
143.11756484380996,32815.96702585404,311.6559368962848,161092.08656209314,DMSO,4
132.93280265870922,18140.5607670733,222.04200160548584,65492.9359890723,DMSO,4
134.3700166768755,18836.929495036245,307.77377625574087,94854.61714948712,DMSO,4
126.3915805918414,29776.61211482424,266.65121248683596,127941.50068572136,DMSO,4
124.8809708743668,19650.556339342224,270.0427815018741,102735.15728463128,DMSO,4
122.19223735906061,20888.92781403409,298.3597372774015,94413.38124726339,DMSO,4
119.67879156025336,16546.2310138489,172.13155636705625,63734.100350890876,DMSO,4
58.1159978105662,5438.419390683691,184.76414231291056,26195.271247332796,DMSO,5
69.32486003189575,6341.554434171599,202.22650423297483,28607.332899408288,DMSO,5
79.04006170956848,7312.460408804863,211.457683958122,22153.9293177793,DMSO,5
76.04675851529515,6858.414116206948,260.5966231016727,38843.05994592531,DMSO,5
85.24265946990067,10144.413440086737,246.2624016688722,31184.42656012177,DMSO,5
81.0730190792541,7503.065744481452,279.7825677424191,31280.56384797558,DMSO,5
72.67748413193368,9295.623593551572,263.4389205522877,46986.40931727427,DMSO,5
94.38465184558669,7595.0044819459645,228.94894601137986,25609.14359060685,DMSO,5
90.04522764770536,8422.001678825432,261.56534826187414,28540.978358413966,DMSO,5
102.37997459818052,11024.011239657026,305.14974482217286,52154.29986526341,DMSO,5
92.87503743751597,11638.681594749527,273.4924139689952,31824.981022181073,DMSO,5
105.89009148186176,8756.611324301042,261.2439650907011,33529.9625411152,DMSO,5
114.35411104404153,11431.238152948159,288.0844568067169,48303.46603821583,DMSO,5
110.43339929056458,13582.14216489033,293.1915899244854,68670.70324706704,DMSO,5
111.9676528773482,14900.0992992489,333.443759318315,84536.97766326994,DMSO,5
117.22083690778061,11362.565997967558,220.81761639279858,32282.049439405153,DMSO,5
117.34724704696043,12523.958399538642,292.8756310160704,54504.78517641899,DMSO,5
122.69093784942709,18108.74342338764,336.274514071973,93988.63518920701,DMSO,5
126.02466036817151,27723.06026419123,317.3949153300744,103432.84355124072,DMSO,5
115.2648674125748,12671.037829433399,271.8505324435702,43847.59232773083,DMSO,5
128.08095722927203,16614.707000030045,291.3864326766242,44259.969758427986,DMSO,5
107.38529126732703,12554.447162534436,266.8856339921046,64249.37807978778,DMSO,5
127.31704688454045,11958.50186785453,280.4691640865862,40496.08317190386,DMSO,5
128.57487127795963,15262.783386341098,316.5299455285214,50504.21643197907,DMSO,5
131.45205396472352,15368.07354381571,224.60453781910695,48846.869640820274,DMSO,5
121.0367086671315,21010.24765868887,294.33831564736687,87628.81857398545,DMSO,5
117.8843881361667,10160.346671366218,297.02009203700135,40804.60244758206,DMSO,5
120.22751075954648,15147.28684258583,292.7595863535569,41077.27045003197,DMSO,5
130.60889573303672,15689.452256129669,259.19780836743683,58643.619565079134,DMSO,5
116.07664273824054,13755.492418349406,255.91033354235157,52957.26635622568,DMSO,5
120.64970770897116,19807.5674198608,190.36306173487884,54326.31467503186,DMSO,5
119.49565809348331,16712.027187004773,281.6746823706266,62854.60102409134,DMSO,5
120.33194573143112,14013.367224449348,227.37258063978942,35333.13308803657,DMSO,5
119.37987086613197,15795.076125768695,280.79291810079707,57697.93647093831,DMSO,5
104.34271487579662,11490.679049736522,288.63269455590154,64879.6517023317,DMSO,5
109.60852704980937,14224.645756122161,242.92107746795904,50729.02771392381,DMSO,5
108.90606901063035,11154.638865915736,187.75955752780288,37570.666848186935,DMSO,5
128.76066835660544,26516.228308543414,273.53519688561363,103204.3509689182,DMSO,5
119.55632827052483,15211.455810599618,185.0890348347014,51976.61302043439,DMSO,5
99.65410328127177,10487.875053297483,266.72552851253005,64781.716929455884,DMSO,5
106.49785914261167,14177.25522695379,227.92665985769685,60317.984419375854,DMSO,5
115.5757365363437,15987.109569508075,153.0532179954028,41433.48628754222,DMSO,5
112.96950134563821,21537.1020053497,233.57888106962133,81688.4884799899,DMSO,5
-1.1581864385153438,2261.665187524124,119.88014291399037,10487.86362673369,JQ1,1
5.011933025302312,2503.5110551296416,148.30880782847362,10634.767125317621,JQ1,1
3.511271157451972,2472.8729512682976,141.40325406570548,13222.589397844538,JQ1,1
-4.941881632995631,2351.074634422606,145.56184913356196,12226.197546201205,JQ1,1
4.116138214684952,2495.105649838883,149.55731113266313,11483.925119565833,JQ1,1
7.58771755882367,2694.83155401313,170.14572345634826,12427.672010428778,JQ1,1
6.111425401724716,2626.140924559855,198.0843865531731,15316.334538576832,JQ1,1
4.004643418090836,2244.2321033068724,147.56110289684176,10386.315674202886,JQ1,1
8.016363186563467,2701.1624248248495,134.9635511421356,10950.022661045323,JQ1,1
7.040330081212602,2692.6340197488767,178.71257886403532,13220.621835058992,JQ1,1
9.360536981385877,2964.256727912634,193.54873213120266,13451.547489260389,JQ1,1
11.390333746556252,2521.9475884555454,165.23637392594475,14987.967892731504,JQ1,1
4.363244126015019,2791.990259921225,150.7350010471044,13822.493831747917,JQ1,1
14.899639220721184,2920.5816306288434,206.83722410330995,17026.723118363305,JQ1,1
23.120990755994313,2816.6007258477694,182.30902790629557,12173.268857357838,JQ1,1
11.34470964325638,2862.809620253164,169.08936595325895,15450.879360679377,JQ1,1
11.034799733346489,2812.739271163055,142.9846903916213,10181.98409220031,JQ1,1
15.405349420725088,2658.379966767319,194.99022861412755,14588.238884558023,JQ1,1
8.03220964325638,2579.45484375,203.8849531543841,16573.693285108024,JQ1,1
12.975984281889765,2872.5982860231284,204.0815165212989,14256.986501957277,JQ1,1
17.62323077001696,2883.768693587582,159.7992919650257,12869.213818562785,JQ1,1
18.885378166933265,2561.6779839541905,205.31306751526301,14221.373897238538,JQ1,1
19.18670670639881,2854.002876481636,196.50173607166255,13338.859947257313,JQ1,1
14.15654843418838,2649.541975712047,205.00298072225416,18382.049952731122,JQ1,1
13.632787502137177,2785.148057375933,223.78922119980177,20499.28189064711,JQ1,1
10.553186880305049,2940.484512123893,164.69111266947215,11325.615776463948,JQ1,1
12.768101456121883,2838.4000376184126,189.32201455789289,14060.136578348893,JQ1,1
5.0385485058156405,2653.5724264953615,177.13660533974485,12946.725220807159,JQ1,1
7.6865148689095975,2830.156945909807,229.88548429716582,22864.585445805427,JQ1,1
12.930536414909938,2539.537121954244,132.0863857878049,9224.469182218365,JQ1,1
9.180145078691822,2681.681266852438,199.34955525648616,17703.105774693613,JQ1,1
11.376087194276806,2735.3475358574556,191.30414249678768,16112.898115368596,JQ1,1
9.677758076304826,2917.3416713338365,186.30443321136408,16938.356281604858,JQ1,1
15.681100175800765,2707.28145679423,172.97887984734928,12913.907286159449,JQ1,1
8.853179182632317,2381.44885843035,144.1502928439994,12366.509413175136,JQ1,1
12.37494643742761,2726.5536212554043,122.61266262615095,9339.904924004897,JQ1,1
16.086540465967857,2631.399953542642,199.0053390820267,18486.06137204959,JQ1,1
6.674328411584838,2779.8102957490905,184.71389173372586,15347.27590921991,JQ1,1
9.973911680607841,2659.6265835737818,177.65199946640064,14065.093908987927,JQ1,1
5.050339670066023,2375.968252485104,166.70798338971326,11878.083521408189,JQ1,1
-3.4142214397253383,2439.782054553619,158.41130688152896,12543.077035375385,JQ1,1
11.753184219527583,2404.1541654696925,142.0918975988285,11112.903559322032,JQ1,1
5.769449226589728,2238.43037753635,193.52262676549515,14380.481764051648,JQ1,1
7.656085304632057,2458.490822975281,194.14692405385495,16711.738718120992,JQ1,1
-21.320498823428437,1690.6502689118477,159.12768882992145,16945.35825674708,JQ1,2
-7.618691838581185,2628.460899990066,147.3001626975173,14051.493118177503,JQ1,2
0.05690530447915876,2443.5767097793864,190.39365330476937,18846.785867257713,JQ1,2
-5.459335122031632,2396.860972668181,194.59674929675873,17061.085704440444,JQ1,2
-2.075113694805111,2529.711251175262,164.44652697154106,14161.95406098237,JQ1,2
-5.392730365849673,2602.0714533692358,127.70169121015692,12214.128520381379,JQ1,2
-10.344239448243883,2487.116257936671,212.1827292834737,23730.830035059123,JQ1,2
-1.0710084595265812,2484.6165226149683,155.57876376450008,12084.283207933748,JQ1,2
4.382543080110906,2637.2383028912745,197.00786946443452,16880.447325138502,JQ1,2
3.557410776210645,2655.8169618802604,203.81885612530164,17909.391495723576,JQ1,2
7.588703882044001,2472.2942061592107,202.49651440893354,15158.149247955473,JQ1,2
5.100180538548983,2905.0739480675497,192.7478844672729,15873.021393586436,JQ1,2
3.0790656365018947,2547.710599489796,181.40551984037438,15013.134563137757,JQ1,2
12.075364765708741,2795.985685942966,208.5696378681456,17348.830150170037,JQ1,2
12.912051308646852,2507.5773727169103,220.2740354324519,19783.95326354626,JQ1,2
7.778261597608832,2856.1127076423345,226.64010286206474,24000.15305912667,JQ1,2
16.51386369184968,2887.693516830679,224.7919353227977,19650.366718291716,JQ1,2
11.552881083078518,2755.047042289932,185.59653796404177,16677.4737754016,JQ1,2
25.685158073476657,3228.2550836805312,204.32369210928198,18876.67747757927,JQ1,2
26.980168691114642,3131.636878466569,206.94965359538833,18730.48824223652,JQ1,2
10.36069760102859,2949.2644072550315,203.82821359398918,19057.549662071713,JQ1,2
26.73570752402611,3443.215413279826,191.30856605886174,17819.97684322598,JQ1,2
12.65493143736768,2767.7779522497704,162.45081204816654,13203.045950413225,JQ1,2
13.267294715115582,2613.0642725219705,211.3043892402053,20537.927768635553,JQ1,2
18.803998377960056,3020.9271565925783,232.28186837413818,16705.88328882363,JQ1,2
11.2900168890408,2917.5871760891864,236.10291602633697,19291.67937727265,JQ1,2
17.58408815338956,2976.9293677788987,219.9146235431515,15866.990034995597,JQ1,2
19.99756680746208,3031.4853492004836,210.0164975921308,19400.62909416151,JQ1,2
4.342116370814296,2716.8527982793257,120.95837364544786,12247.590313564502,JQ1,2
11.99569390071079,2857.303647820557,223.405577444061,20070.57954496184,JQ1,2
18.361792500832507,3256.469641232546,217.0600458960797,17522.29509068075,JQ1,2
7.385756933710411,2520.1789205971727,155.1274752317263,13913.188374363266,JQ1,2
17.89786073029697,3135.4511720742785,249.0397009370555,21368.181180491785,JQ1,2
15.4809759355052,3356.542356044635,204.9147806377166,16303.192724142118,JQ1,2
14.211053634953288,3029.078957998252,184.9466977342962,17543.786737758976,JQ1,2
21.02066227515735,3087.9893403979236,221.4203307647441,17309.0323183391,JQ1,2
13.326781655318428,2957.7714948232206,215.06990768390006,20740.32967990172,JQ1,2
15.338939586081722,3389.7491589577007,203.0060450504584,19991.561273921336,JQ1,2
4.76881218028069,2899.9756087408946,193.5538032505126,22950.398128616023,JQ1,2
5.230498485090408,2500.5943449926494,220.0324124836593,25248.3020725017,JQ1,2
8.50944959188584,2742.6866776686597,192.66760156495616,16722.112429997564,JQ1,2
9.722740335297061,3022.2823430431836,182.59964634639846,16872.77630413466,JQ1,2
12.202335642869969,2584.242996142883,190.6890397936752,17709.690543109406,JQ1,2
2.999252344278517,2636.692793966266,202.1067745508917,21439.508262454783,JQ1,2
6.6986840318052145,2802.3842015387504,220.17335252139196,22956.503516607245,JQ1,2
12.602300116077231,3062.0033771704325,180.87066812101136,15600.8339314283,JQ1,2
4.5150740398632365,2580.4075072664355,129.36738958827357,12014.84955017301,JQ1,2
-5.270658806982027,2531.7230529088783,180.5530263240571,18100.6993438173,JQ1,2
-1.2025331948501332,2834.0687314619017,176.92982217767042,19041.101442067633,JQ1,2
0.33216011917673427,2517.8405191866414,192.32473190475287,9687.152296019443,JQ1,3
1.037672189704864,2214.6896262014952,143.81531716744826,7594.300922036312,JQ1,3
5.756461086277028,2200.0058866259146,202.19051720696223,11580.07975898413,JQ1,3
2.1874032577489118,2339.8857517249853,211.88648310842552,14445.505433731678,JQ1,3
0.12467306728274252,2213.57658700649,183.34850606608796,10153.562176767848,JQ1,3
-6.457219872168338,2030.9422277006738,173.3322558041982,12921.078580269457,JQ1,3
6.6446380982715425,2455.707450338054,224.87084145586454,12086.745268440527,JQ1,3
3.1482325952244423,2070.803468307144,225.95804835909524,14209.153061856663,JQ1,3
7.595688299160884,2399.862359358435,118.79831396762478,6296.027256249787,JQ1,3
5.396857889804181,2289.387119113573,179.9547467161628,8888.646017150577,JQ1,3
9.499987335038867,2330.8686857335506,200.2011054230478,13261.093684761043,JQ1,3
16.906477034247757,2454.064985902868,204.25639205039982,11415.941249069941,JQ1,3
19.114298709783014,2443.970688637846,210.83900559881505,10722.318268360214,JQ1,3
7.013185204441129,2389.205975811178,194.3864643923484,14459.267784112099,JQ1,3
13.383699995067332,2388.1701100338564,203.06585782727387,14796.549525922508,JQ1,3
4.194738549849518,2185.972591730713,186.44064167892878,8445.187228020286,JQ1,3
18.359259246355407,2395.51585645429,208.27119381283882,10410.982945079377,JQ1,3
19.91007976133875,2562.1267596384455,227.87908585953716,15910.670789016758,JQ1,3
16.36975201889132,2437.3814423779527,234.61091610422108,14609.707509507225,JQ1,3
9.412429362865538,2206.578069745457,192.20058567252806,10083.270340236686,JQ1,3
16.459753223376197,2455.539704392717,239.78112814592765,15431.03312920028,JQ1,3
15.939539490500124,2401.48616791032,241.01399953139645,17131.027777303465,JQ1,3
9.389976462096968,2245.9333114513147,178.4371020297341,9957.96907616594,JQ1,3
15.00012696950688,2312.372036312301,271.72498291707456,21684.544594874253,JQ1,3
15.957720398498822,2531.7480011255802,254.39390996937658,16833.420679374718,JQ1,3
12.64798760803916,2431.7770874783187,206.73564783259025,12869.54124419702,JQ1,3
16.387156352985812,2430.145036217746,246.73208771051264,17294.320988752734,JQ1,3
15.121251529039597,2628.462017057009,262.7200120752199,18660.138892194776,JQ1,3
11.450433641510955,2396.4521157884137,266.70343402013265,25431.361058050774,JQ1,3
7.934955815583777,2229.3358897138623,189.73497420624636,9319.67272818751,JQ1,3
13.562180693139908,2453.6743546914863,222.83875259479777,13510.06966458161,JQ1,3
13.696795419087323,2291.061780356729,251.06711157985518,15152.068798116858,JQ1,3
6.719704779756313,2442.903507231405,224.97908217602452,14398.543176652893,JQ1,3
14.011300974259484,2816.821359894237,229.71107066557119,11811.561132477349,JQ1,3
-2.1933282260626186,2092.6070254754136,234.1021313985754,17807.792516920665,JQ1,3
8.094321428168143,2378.5269327914066,202.1693067105262,12816.64262592539,JQ1,3
-1.517595509882085,2206.3540886568385,238.78104657852856,17751.703319534947,JQ1,3
9.011215474943498,2359.404434292099,208.51836470721884,11469.28348321559,JQ1,3
7.1988568776584145,2185.697664339867,199.48423951868193,11249.776049371303,JQ1,3
2.768553196145916,2156.722672916291,201.7282636927638,13987.220118983232,JQ1,4
-0.9332067032884197,2138.114946027108,161.42764912470744,10783.599340331324,JQ1,4
1.8106197821565786,2324.8709332085937,253.84205138824268,17042.21010524909,JQ1,4
-1.6683360261596647,2162.2503658688865,279.9253629675826,25092.29860561915,JQ1,4
0.01927153082476707,2178.107615659434,234.7623965260841,17038.98643549619,JQ1,4
7.356317453552094,2309.24006662336,211.92098128745488,12101.238996693555,JQ1,4
-0.7946200647017747,2139.8249283184346,171.48020167725997,10041.888682745826,JQ1,4
10.955206621067987,2374.8263657586235,271.3236180473667,19104.93870813862,JQ1,4
9.029405909324197,2444.8580555555554,240.3732572328155,14971.26495177469,JQ1,4
2.2791468419666785,2127.385129466563,257.63564209176775,20843.79967247443,JQ1,4
14.591330028565409,2681.044410660909,270.6278981542248,21857.131302281858,JQ1,4
14.5814677649943,2679.303736544038,225.85722671407882,14691.6133749493,JQ1,4
19.571879027603785,2565.859405711643,262.2342339353245,16714.62095148283,JQ1,4
14.907912696654506,2611.1148283887173,185.1725093695677,11402.64740689175,JQ1,4
24.88213939451782,2616.9924982228194,283.59751375015287,19178.734529449306,JQ1,4
6.987676586015937,2508.324142122223,171.40689340658332,9029.658159732036,JQ1,4
24.99222642214471,2926.0410322156476,222.2998597969181,16424.505083643806,JQ1,4
14.741993813684246,2578.397981488405,212.19187537627545,12250.005475539096,JQ1,4
21.857372011019123,2469.3082889532184,250.4202277528792,15503.907746022787,JQ1,4
18.796051558756744,2697.5781340194544,269.7008826356458,19549.498588691404,JQ1,4
18.491905909324203,2608.36734375,271.08770167725993,17829.158443750002,JQ1,4
13.372050392686731,2612.6459003622244,207.28755719389744,14328.250103514587,JQ1,4
14.396548766467049,2909.419515646259,177.56020167726,12501.056457142859,JQ1,4
13.159679050447124,2578.9540873305536,198.73361594129642,11092.255963304864,JQ1,4
12.988534540029605,2366.3722818133297,309.90032615858775,27844.45523815878,JQ1,4
23.406432936351223,2692.8926028731435,231.33785933491765,16763.736495414334,JQ1,4
24.043086532498506,2887.2336078746293,310.1082445204927,26472.8918328784,JQ1,4
20.506001654005047,2623.658228836577,288.9206272091749,21342.423046627435,JQ1,4
21.985354917822775,2823.6719759407424,213.30598071408713,11077.735936007832,JQ1,4
16.22587431081118,2687.9141975649864,159.1846626438027,11049.988864858142,JQ1,4
14.492786191014346,2310.6189289492827,297.44381670073415,26347.140694912825,JQ1,4
15.54096197339743,2506.62900261299,268.5557165514018,20135.168210547265,JQ1,4
24.33471926082285,2564.297403648405,229.82488832576132,14346.274924084375,JQ1,4
13.775309075059766,2322.0732048174386,176.63290186347967,12603.846328835622,JQ1,4
7.902237414807757,2553.6539852029155,304.2728238108592,33643.08162054216,JQ1,4
12.27479712047105,2500.6629262403085,300.67312772227604,31240.839521234615,JQ1,4
11.93472505826037,2520.5704504300593,233.30998891130253,16266.53485740154,JQ1,4
8.982469366654612,2227.5739074642443,266.144315462818,25958.02831830653,JQ1,4
16.718879593534723,2733.733821945214,195.83692682345884,12350.527717930303,JQ1,4
3.033704457620388,2657.6939522879466,188.57055588718282,13373.545260682398,JQ1,5
-7.700670542379612,2477.8007075471696,135.15200804351701,13693.518417363828,JQ1,5
1.829118296232764,2535.514101312877,163.66003687188442,14793.903200635166,JQ1,5
2.4288082849819546,2815.2810772528087,234.3059706149632,18852.383643327783,JQ1,5
5.4832580290489545,2505.117063137755,175.6500201728971,13354.95035395408,JQ1,5
1.6243294576203766,2527.739375,135.24823445861142,16087.599375000002,JQ1,5
9.466130750027503,2570.249540010596,199.92081119528342,14482.644178295808,JQ1,5
7.795204045079146,2813.0542321558887,189.5387460097665,17019.752333649205,JQ1,5
8.543231896644784,2729.042645746579,222.06805153178215,18979.64366216166,JQ1,5
2.077366840797964,2792.8534195126213,156.54286062683565,13373.05484845838,JQ1,5
9.942746385520081,2496.4557246882405,205.89502129246722,17117.355787089356,JQ1,5
5.393133995142193,2562.1383429425973,199.21031997344556,16354.411910004901,JQ1,5
5.0451714534623875,2573.0893798003985,183.73924277461964,15900.494733338808,JQ1,5
8.695034979092782,2743.6336778764726,195.62262096167882,16241.6074842862,JQ1,5
14.504775002174853,2747.266402453541,228.43596430302438,16192.960233990667,JQ1,5
10.001083843585292,3000.0810056940595,226.1147549264477,19623.309811138468,JQ1,5
22.909009741812213,3425.90748622105,218.55289698081384,18515.913915871897,JQ1,5
9.690269054935811,2737.9549682446736,205.52222774720195,16282.914696973108,JQ1,5
17.23353998393617,2858.050861803632,242.02995960481024,21518.86434073732,JQ1,5
14.919430241494979,2802.9708081645344,301.82077085278826,27163.742300761554,JQ1,5
16.569975777189512,2833.865372652289,194.15752530241747,17049.110727190095,JQ1,5
19.77263772829707,3000.6061484538413,230.9315051353031,20995.29654813726,JQ1,5
20.090059794699044,2976.5362623879564,215.7504816496226,19751.602178938898,JQ1,5
28.745219868579284,3123.7732707825107,259.60679610244694,21425.930688684555,JQ1,5
19.666720761968207,2932.946778287875,264.5760294896673,28126.559262374136,JQ1,5
19.773369286923383,2841.280887235967,243.9993368768191,22615.33951425409,JQ1,5
10.889774726637086,2762.3604421022924,161.13009902261882,16754.006835994645,JQ1,5
10.170084174601527,2774.7816447134214,177.3590835152151,17662.758148807407,JQ1,5
29.110188646164545,3123.157394011198,264.2681031936949,26291.107199207116,JQ1,5
31.021484421300784,3112.9495878500784,269.21863397434987,24634.160317818594,JQ1,5
15.629932340975557,2879.289374734828,257.06936814144234,27194.73978518265,JQ1,5
10.68389735885495,2656.3454717268705,127.89730853268549,14820.52587105624,JQ1,5
8.049329457620388,2528.783269961977,141.86049681602577,12294.109181858925,JQ1,5
9.693917502854646,2785.2565579482252,190.64940570255322,22809.16370925016,JQ1,5
20.038899209902013,3108.9699042477423,217.15856692275742,20680.139859830797,JQ1,5
18.380529457620383,2971.61990656,206.5128344586114,19486.22557184,JQ1,5
19.157275484606885,2933.3016909835937,201.378256947367,19267.431260381803,JQ1,5
5.915731574022516,2631.2612521345986,217.77111805649503,25032.136913510258,JQ1,5
16.621004759865627,2957.965069904934,163.29542789557166,15742.049295879682,JQ1,5
14.372280277292532,3165.4711126041384,185.94290658975893,16696.518465466273,JQ1,5
2.0686842963300762,2532.418980228928,180.06839574893394,21651.980541103017,JQ1,5
140.17067682487135,19730.105399401233,294.6420108121233,56968.43616635839,w,1
140.831199818867,15316.954830169678,254.83687980775653,39430.5390625,w,1
138.74414782381052,12664.715120176197,184.72129600361342,28564.570532804177,w,1
152.32019496972907,15973.902315695603,260.4653280836186,42437.64093638526,w,1
136.07026575545058,16335.070632777497,276.44355136200875,50925.750580490356,w,1
144.52340743987054,26929.715208742808,276.8593043193018,65862.22871006314,w,1
143.24822817534852,12904.979286694099,278.60076869664545,39710.80617283951,w,1
138.20602317965512,13327.11969766774,135.92118213333794,31420.71329847966,w,1
148.474277341853,15838.031799681634,284.303823765725,51333.47096837514,w,1
140.55200985176174,16394.09283545706,231.17714296565129,42333.51616177286,w,1
175.30894984122034,32810.582982842854,286.5459284486721,102047.52610821508,w,1
158.08662711240214,16924.059111495415,305.80455544303305,60115.78513319973,w,1
165.47882099727258,21705.344343375284,289.1700841421219,54305.86125621832,w,1
136.96048446294725,15699.1464187101,220.16002070795224,39595.28057873553,w,1
178.3849847155053,39184.43694712728,302.77370360992035,85440.36712063047,w,1
173.34650129509401,37336.967565583946,307.8989963721737,98841.53247205389,w,1
146.53746979792345,16659.961541452434,261.72246181833856,56896.58189860306,w,1
125.5204780371506,13190.280147768623,181.23178030526896,37884.44860894532,w,1
182.4902193626773,36414.50552620424,333.52699234794943,100737.33398382977,w,1
153.76096634704618,18669.99803980532,282.96814185014574,55970.75321223191,w,1
165.6090647531662,40142.08699624385,306.69166417433337,61967.4645508969,w,1
166.12744655927753,38863.33422938906,326.7280305479988,86050.72113888442,w,1
172.8075321923564,30698.625224760635,317.0336320736176,99643.18801626492,w,1
128.14008002720033,12242.393955555555,182.44965758553428,30664.344572839505,w,1
158.27618065613115,29718.836268039537,335.8454066582645,78871.82832442634,w,1
176.52101739031906,42471.475753771665,307.2072805961928,99692.28677253975,w,1
140.4671599170075,15545.457768424287,187.4350203036243,35805.25392732737,w,1
162.60008002720036,27684.88601532567,297.0351556698255,73689.50899846414,w,1
155.9459374453121,18623.07579048192,254.31303587712068,48373.43051889472,w,1
175.22745130091306,37382.18612524879,350.2701453904124,94534.68020945793,w,1
150.8976722017677,11580.19956280032,180.2265524939868,20162.692222635527,w,1
174.70377440167556,38880.18495136699,324.4159100344568,119992.72474446258,w,1
146.59908202320833,22942.842148039254,312.10708938859483,68835.56037625347,w,1
165.6058634131099,31599.974116569978,336.7655075680089,86512.42614614534,w,1
152.53156504950755,18327.399756515766,242.47478611750796,34492.62447491856,w,1
147.4024056085957,23713.17733309297,245.63591081550845,76041.69500390602,w,1
156.40874325152623,23063.6102156351,332.68434108142264,83846.89080788362,w,1
129.48488394876898,11238.785749471355,156.48148765089377,22456.206723375624,w,1
146.972996693867,23152.766835937502,296.52750480775654,83375.33788085937,w,1
138.10137704406156,18482.65455949371,274.7099342824647,47162.25486002816,w,1
143.60921244729167,15492.429520860696,150.73699396300765,28833.7687756719,w,1
138.22562329937847,19336.806992072103,153.0408291543273,25970.681310151012,w,2
135.10587803620155,15404.527307304243,215.81105599828072,26976.51122051038,w,2
130.13368014203837,12900.939222827357,145.84212779524847,23551.533930301714,w,2
147.4168776799657,15814.17572714883,234.54372972071553,34546.70095458305,w,2
152.76568119600472,24666.91878312676,243.07432976155445,53023.59931331727,w,2
114.59020648649859,10345.857021463227,165.7631246780981,27739.43445218059,w,2
117.1692899329468,10901.10830666057,160.79702681758488,25600.364456637708,w,2
150.3376111751512,20533.509456076335,252.36091888834977,40935.24963392024,w,2
150.2802646277152,18378.033637556848,189.25688630875192,30909.96854661199,w,2
161.69005312037666,30645.066276035977,262.23938692661164,60038.18545796035,w,2
154.8399915288516,30379.398331680877,254.73620176488987,52020.72906338819,w,2
128.3909753865163,12951.537258745828,145.65961404249094,28044.94536628626,w,2
153.07615413047768,17611.639424,204.64190582993052,30538.18279936,w,2
155.84109372779307,28991.644565560113,248.19639710509836,56127.27228503222,w,2
152.41810284842637,22036.47240388941,239.37482458836507,61049.11211278482,w,2
150.0110515663751,30784.486676117678,221.50488531711005,65792.83997986522,w,2
155.91879212330917,20470.52208990121,145.05668432455417,25153.3044282576,w,2
164.3739129957259,22156.936119913487,225.39802497886672,45753.03410291232,w,2
145.16562727625768,28064.315304060023,130.7999948324881,21602.992523596786,w,2
150.99161950889953,19753.68155356925,220.3955238653573,59917.61241154338,w,2
155.4197387002106,21825.658755910503,229.88751295159227,42253.2612860904,w,2
156.9166043469279,22520.273495624144,198.84689053411523,35502.0178324161,w,2
138.63253847211467,15504.312154101393,179.25124675519743,24833.29248933017,w,2
156.56750106925318,22833.176280716365,227.50276413896847,51238.956363845,w,2
143.48064193535572,18567.71279000595,194.6841692445647,42167.1035653381,w,2
105.84114391921518,8539.777666603535,261.7744291871886,23359.66778277665,w,3
92.2691762148307,9095.204774229733,315.2508879369723,42217.216545419964,w,3
119.01531089153694,16896.605480062375,404.46257635306057,128252.05552967859,w,3
98.83483679144915,5919.795908650519,279.20364746807377,24720.599108650524,w,3
109.88220007431504,10052.29690556871,360.8433727928028,61417.984633674954,w,3
108.74218855143026,9972.646993596878,278.15645635066295,30856.39370332737,w,3
107.02068525429108,8940.250795949129,323.0209265772483,38816.05214736913,w,3
118.87645115932322,12752.424314996953,331.0377792408515,69847.13410554623,w,3
89.88380379288385,7485.755911659727,291.2815910357447,27869.688264260694,w,3
117.20279811296406,14461.71112242983,301.0715374185745,53071.01398968294,w,3
127.06741991165374,14654.534763705104,386.58236869569527,87299.88171392564,w,3
124.78467208556678,14621.725373439998,370.83621217395614,85831.17569536,w,3
123.22356975275186,18977.12148777721,320.31065323149886,74872.63783924982,w,3
110.86632171629059,12322.453342467965,333.46705176036676,63848.794350782955,w,3
109.44749576157925,12840.931221552584,325.6041349153891,51604.15970584524,w,3
115.77390689906589,8686.196454542873,353.17782780450676,61524.80656467983,w,3
91.5458746333375,5986.9761586000795,276.9951998597311,23097.27454347934,w,3
138.2741065683254,24037.63463686088,431.9298949325768,153359.90087990486,w,3
112.77434221079041,9227.466617170325,321.2460382920241,35287.60514719295,w,3
125.30102828994636,15869.251114071074,389.39468224694883,83381.7098534818,w,3
126.42203865091635,10827.905611090067,401.8118255478163,68871.65410750086,w,3
98.05373142622612,6088.653868796039,229.71958799813194,19616.870184760293,w,3
119.38671378894419,13839.674051936234,348.8689804558944,67672.04041737015,w,3
107.56960617647589,11948.902002760202,360.12268490122887,79664.09891528926,w,3
120.72330600369544,14804.68666427277,431.205353694424,88947.41855613692,w,3
114.79204098900378,10694.269848200342,288.8299457255109,34457.38032952875,w,3
107.86927592603946,11533.928056047074,413.2927533851821,76168.68850105493,w,3
101.56878033080993,6414.331320481475,241.27596185683137,22826.514801389178,w,3
111.9073636949203,10359.729702627481,378.3520834256755,55492.7433083142,w,3
94.25540435393741,6974.640580183527,363.01681792475483,38723.65938204942,w,3
109.22515386995342,8394.437818714501,241.36567239700446,21398.750974281724,w,3
165.04088767584656,21891.777051058445,473.6413625294126,80289.5073270408,w,4
146.80133296577822,11253.566252963661,361.15126177551986,40693.630735794584,w,4
167.06044709218676,14223.090258794942,451.996526328879,78947.28129156586,w,4
153.9708972990607,10841.768448788478,350.9072223265849,33936.289857394644,w,4
171.55449481388112,13779.047862724747,381.24065308855177,35226.771999785466,w,4
148.62225531061978,10715.292400783843,344.2423994354031,43173.9267000918,w,4
192.9830237177056,25757.1002927387,458.8802052502498,112084.78376662242,w,4
171.38465131379715,18925.676245637485,438.44222662996253,74580.72485554538,w,4
178.37759919574663,16561.50422597166,431.38973021237405,62753.31901896712,w,4
178.877471190075,18411.327674666427,392.85584481355437,59045.25689058585,w,4
190.2290664561306,26944.03689793092,465.49516369900323,114578.70290858726,w,4
156.79140134741286,12380.609812515217,322.2536985496434,32314.118349768683,w,4
174.83400552794808,19413.24243086057,446.3772395783568,100678.55239281603,w,4
168.8716140902762,16779.27917291657,349.7556794462026,37857.65281205141,w,4
167.1612891201,20756.082080256572,491.68092943527245,93958.82892448646,w,4
184.89976442747405,20735.498961670823,450.3743427787782,83675.51387405561,w,4
204.30282416263313,28409.39519822124,393.67796775555814,84190.9690556871,w,4
192.79425263852568,22339.648395223092,457.0136981480531,89806.8911992829,w,4
179.8274373834489,17483.682184978275,355.1858919161943,46874.24995751971,w,4
183.47297728955218,18140.161525490978,384.4012052112346,83773.887410732,w,4
184.11526969428735,22358.670901708756,472.37722698605523,126835.23539416236,w,4
178.3395416665029,14435.884862797317,303.729653554928,38430.70696919572,w,4
188.08660081596292,26089.7136306355,415.0597105771949,116512.8074788002,w,4
192.35428642093623,18520.728171395313,434.3997389669604,80476.00387099158,w,4
159.12027227441465,14676.495763822168,380.27563590756205,51276.26690191282,w,4
188.1386618732448,19840.81753840992,410.2269932729381,88645.40759637188,w,4
185.243660000382,23321.999444740653,304.3827490032942,48539.590521470556,w,4
174.1254840123084,14291.775272386822,355.397710709251,38321.48399269585,w,4
185.7278474596059,21570.03499494998,357.02911060493244,94177.84077761065,w,4
188.7675396967774,18730.641080269455,275.7640324686803,37565.584286989695,w,5
185.0432103951,20449.21083673338,295.0834292134914,34508.75948705948,w,5
144.7382729999129,8706.502106675822,277.25313609744865,25655.662775818488,w,5
201.0178483810962,18065.038235689888,333.6484702059099,61928.976755105476,w,5
191.12274639732678,18914.83095246185,318.1937257823806,62193.180284222,w,5
188.91288504212272,18370.15691358025,362.50577421042203,49205.04320987654,w,5
212.4328914647303,22001.35347614354,387.5545860280199,52527.07397507434,w,5
205.88998175354516,22150.281479936577,344.6106584291416,49558.4958640171,w,5
176.07669747841223,14551.37873916337,303.0968037720937,43056.60710041242,w,5
164.52868904488327,9915.7625606008,303.18969415521155,27329.91312920883,w,5
224.84671588789388,24548.437123393534,358.2304839948333,57068.982995470404,w,5
198.4265051138073,17897.51914124541,367.0369947348514,65063.37480867402,w,5
226.24967309067546,31433.72169259861,351.6369600180784,88227.19759472417,w,5
225.94875443505344,26809.346887775973,414.68092082636747,70576.05056562767,w,5
236.14661774787083,36894.75048653602,348.77806061749664,105136.27605583672,w,5
237.5652659945037,46054.72420348611,394.8924985971464,76507.06384812878,w,5
180.14887112605402,14483.913511360633,339.65558938763445,36118.99475721983,w,5
219.37920982844753,28167.594037869825,372.2787656634134,79313.01665325444,w,5
223.33510726434497,29311.545051353878,340.61455105449295,52538.73923098651,w,5
255.17678552118315,45528.68421408965,385.73634135614907,86793.75236429827,w,5
254.2624097421383,45943.95610668628,349.97203570333147,84967.38224006578,w,5
179.65912382749195,12458.469374895516,281.33876247819285,29023.95615738419,w,5
192.30109365890277,17613.149069832012,356.72629575237215,46037.00169778795,w,5
246.42432295061946,39746.64628892734,427.47211407970303,94049.50217128028,w,5
216.43547814983407,26911.15817634212,395.01311465239394,71665.95347811538,w,5
223.92515912667403,22651.510828270137,375.55543631949,56588.13146770325,w,5
190.52373001883598,16542.540436093877,321.7220084086921,30576.796371329197,w,5
256.17559196835765,48772.6125829461,389.0390810571972,99948.37164113586,w,5
241.72802608990628,42646.179092056154,384.8108979870484,112962.91540712504,w,5
217.23901316758509,25699.684766516377,430.070206818796,90836.28901721806,w,5
235.71415086490754,32410.560146858388,404.6647052934037,91023.43481279709,w,5
192.56449794534853,17492.353891265528,372.0021899810313,40961.03055266505,w,5
44.269968950151146,3362.532104830332,139.67897391209584,13930.387973943905,nej,1
57.89475135850666,4111.575954972824,194.03163876976532,17124.63601265727,nej,1
60.581624808228106,3562.0503067433765,215.25917409432333,15155.696533530225,nej,1
64.97687684488798,4996.849960937499,209.73152325420108,22062.745993652345,nej,1
75.74720619773854,5720.062563954027,210.99002431352312,28290.02507116555,nej,1
71.75252595468027,4783.502877105549,233.1306469559815,21337.64170680379,nej,1
54.029338966100106,3725.2673862201555,186.72143802692835,14433.483266615014,nej,1
61.309525008493985,4267.856767400314,194.73199539526956,14442.649814242435,nej,1
80.34682383531205,5045.4877507901965,228.0437004942832,24546.134631831286,nej,1
74.14278801704916,4858.472192032631,203.44069793368828,15818.89452427914,nej,1
76.02037808866908,5178.047276057524,221.72887244574338,21086.942154897155,nej,1
74.44147232593755,7369.928450305571,243.02505915070253,32376.10458227439,nej,1
70.4049702792314,4343.4510764207735,219.166934659925,18915.19313222007,nej,1
83.80202219372521,6371.823316657653,213.43272238210807,30739.81360701731,nej,1
59.449998161194465,4459.153307266839,200.23763511569422,17139.20180175312,nej,1
70.59636941914542,4419.038149201058,174.00180481360707,17501.26538182531,nej,1
72.74305209405742,5887.348541958699,242.33097819606155,22317.29081356718,nej,1
84.49485591977785,7576.640015007731,201.39190091572829,25256.87131949431,nej,1
78.42504073779682,5681.124911776595,245.1295175559377,32756.27643403612,nej,1
67.33672853980323,5524.204952599828,201.63239719487905,20507.250356219476,nej,1
65.80604351155463,3974.649995659722,177.66954408753446,14987.649930555555,nej,1
72.36806274232387,5326.136916502302,240.34454408753442,30235.90972222222,nej,1
77.57655277081392,6318.268409327845,223.99306260605294,24726.38291138546,nej,1
74.2480749161046,5578.728660549974,241.7879169856551,29499.15433128759,nej,1
77.06298353278606,5253.555164509717,219.04783495802275,25011.050012170876,nej,1
63.20937439870402,4275.919516239598,187.40602484422067,13842.260829270721,nej,1
77.59963660778897,5164.587610316502,167.89579931765996,21949.0380225992,nej,1
72.35960322284075,4765.840823361647,222.80136823451608,22161.133426746852,nej,1
74.59229089512345,5474.903957670497,225.9566581639342,21787.357797170313,nej,1
67.73200832055517,5168.495651466722,231.37267072280395,21772.111595513703,nej,1
60.08587507183834,4284.655157562496,186.4757497612933,17661.774895000253,nej,1
60.1493932155844,3802.9060592385554,249.87274608868233,20303.646541182636,nej,2
56.04743595892797,3820.1834117404646,251.56448612593812,15852.957816866869,nej,2
59.51849956011272,3636.9512894960594,211.00907963740497,16489.862641440755,nej,2
58.70811797991664,3636.1021204625104,215.4640193014509,12807.160285601843,nej,2
64.6304335476328,4154.713539786385,283.7415444469285,23000.29929162007,nej,2
61.97776139492088,4019.2421978956318,180.1687187257379,12640.072670847061,nej,2
68.72203796797456,4930.516360200441,311.6890528885534,41487.07113130627,nej,2
61.67870192098962,3891.7883912651537,267.48294135747244,24366.311714237778,nej,2
62.87881203995496,4108.090811535131,299.0488606895709,24767.641986921077,nej,2
65.98811700710667,3788.921600807979,226.2055193744116,15153.578451794805,nej,2
74.62485162629198,4887.543095947967,239.62295157438967,17857.153964498295,nej,2
77.98762379645947,5756.132266799136,289.21502138578626,44038.31672001219,nej,2
71.10675096049195,4770.737306029967,281.3880482315496,23838.81325685443,nej,2
68.89869510572692,5773.10859351929,304.7806197993985,39840.995932776714,nej,2
76.5442390139811,5221.948772807476,273.2579297611711,29970.677030947456,nej,2
64.94075350359694,3618.0111838007647,208.75709935572496,15382.84560444806,nej,2
80.1775203053399,4976.087704710823,219.20933332425182,17326.77215232282,nej,2
67.76364216587561,4713.648739760554,281.60369556721406,24625.048983406847,nej,2
71.08154062855192,5243.830726279253,317.24410798554925,44366.993254385976,nej,2
63.43925878686664,4253.463370181298,214.48782513786318,15704.08539944104,nej,2
61.43048807154468,4506.850362305268,315.0440141005269,39233.826129541994,nej,2
68.9739536767868,4278.47856020904,184.42085365483695,13159.709050806654,nej,2
64.45774363465668,4441.648313827215,308.48876978649747,30778.058016589108,nej,2
76.85835520935387,4619.968527360001,221.10861150924308,19286.95640576,nej,2
73.54254880730522,4788.055557650407,282.5937065156451,27252.002862478093,nej,2
70.62114352646097,5269.526796025232,322.8331466970038,37645.626265811145,nej,2
66.35988530644124,4680.432247552617,314.68013328455515,31042.923647807693,nej,2
68.57016684670162,4674.29093918747,284.4986044727072,34477.46120365267,nej,2
55.44765621945488,3833.1251504948477,183.5849428223744,14309.489423528212,nej,2
64.6332537697129,4595.16374544745,158.42018181903478,15846.322056289022,nej,3
69.9694874991979,5085.055709449061,161.77694233591836,19208.14760097124,nej,3
52.9410557641225,3621.351743277263,152.75765915528922,14652.352878587608,nej,3
75.82616098503263,5381.0251470239355,179.60696940594914,19874.156803680908,nej,3
63.476955052840374,4083.074971324332,190.9901317530796,17114.79574978234,nej,3
62.94299971110021,4268.609338288693,178.85044308124577,14859.864107347126,nej,3
78.77426078040642,5638.037591125558,177.44835493435625,24513.493632326703,nej,3
69.56587153464292,4689.820914962191,180.55842421440957,21900.789610131036,nej,3
55.85936356551047,3703.9701910613585,188.54202629965033,17811.35384563589,nej,3
78.92174350578327,5761.032885854094,212.87527712695265,25550.646459868767,nej,3
66.10656509251004,4774.866620422504,216.7991410093357,24157.323554794824,nej,3
76.30126980368209,4872.009178596655,159.6553876305564,16819.790142851078,nej,3
70.94710983705227,5691.326295217355,215.88497308269348,21841.329210983244,nej,3
79.54430690064268,5246.269896193771,220.57003810879922,24865.994552268294,nej,3
62.2926246779381,4312.295247205239,245.92374538289624,24357.413542843915,nej,3
71.1858002916916,5706.885472984057,261.7835433764083,26724.742584019576,nej,3
77.98970640733228,6005.247269398372,236.83944187150024,34962.52058143046,nej,3
57.64169868754613,3546.724078853685,165.5419484045491,15979.279614631541,nej,3
67.59750249080537,4969.702440356666,244.93416260371322,34798.85895676342,nej,3
62.770438474767666,4986.115633582748,238.36938918512863,26138.61064042469,nej,3
59.29226045099487,4048.8881976518887,250.4891151628076,17843.886901582515,nej,3
64.64425705019403,3318.149795317437,168.31257520339778,12920.525064636598,nej,3
58.59165266821801,3662.5663295657346,185.87227304999107,13437.502037846423,nej,3
71.78717555495373,6251.533563520361,265.42286078500916,36377.866916869956,nej,3
65.05562559120904,4921.223947556391,284.46795455889355,37192.407989341,nej,3
68.55615940283758,6309.078024058811,276.44627113054173,36193.11860473751,nej,3
72.64911830311533,4981.396411168995,278.1176032250891,36081.71207274435,nej,3
66.56812403619256,4349.572830517486,259.3344525062718,27208.96206728497,nej,3
56.73425150137259,4018.803089902179,241.9283190452649,23935.56175599089,nej,4
66.04170258192826,4572.947196837957,226.82927756838728,19069.469844270934,nej,4
55.436760380345355,4410.889030203493,275.1490070518217,32584.651055019225,nej,4
65.93856152274324,4402.438932337864,183.02112235363865,19880.13697996205,nej,4
65.9014613660487,3780.8077893663285,156.96937054644394,14123.195322544794,nej,4
62.1641076164805,4817.681573805704,217.3006212035383,22972.972905129132,nej,4
71.0076789132892,4799.189801117686,202.74068453748652,20035.371516363502,nej,4
69.2551148107251,5509.991456310679,235.60730556478717,26160.35503440475,nej,4
74.74481580740283,5787.344113199634,240.37620857417335,31587.664465624,nej,4
65.58646492514157,4532.178353554766,193.25207239956092,18043.86413501668,nej,4
75.23826815845729,4328.709608198947,135.0878859921394,13495.034272679353,nej,4
64.64212779773808,5862.785545623208,249.95541425221626,31463.9433610221,nej,4
64.33701287750893,4982.578951757624,216.5596013656301,29590.468963216696,nej,4
65.99785105896206,4690.301431723101,257.7658524036276,40091.01070858059,nej,4
70.0685625932716,5136.414182533396,238.15463670358463,26732.303253575003,nej,4
61.094268249878546,4103.48968393942,126.56760761440961,14516.881834215166,nej,4
74.33238753799782,5293.673119834711,163.0102843820864,17795.02185433884,nej,4
75.71012463390781,5124.24844739676,142.87627384449038,16608.224354545488,nej,4
69.5009992240351,5157.408822816762,207.85813106255125,22300.54349606338,nej,4
67.7048951913986,6074.805721035223,258.3666966009071,34527.377327225295,nej,4
73.74683078705647,5589.322949126431,223.8090606058626,29055.033653846152,nej,4
66.864817471132,6650.125038878726,279.7037578491514,36288.35722385084,nej,4
61.49869022971952,5211.056536937049,276.2940197807659,33376.30864166225,nej,4
59.19305747514331,4851.439116846629,218.95003219750873,22397.95578545652,nej,4
60.453846981882,4239.365196490867,247.53150970984893,27475.418215244583,nej,4
70.19094035589643,4488.628778835609,102.63718186155396,12811.443988315332,nej,4
16.731028850318523,2815.9801202802405,339.62291503461165,29501.6482013764,nej,5
34.998459424054346,3448.593598942969,216.73276057501886,16764.61889966706,nej,5
36.02179295852551,3498.731894822481,261.1734473523732,22180.64875280384,nej,5
32.563250557899195,3556.7083813917725,193.4364050762976,16241.078233131486,nej,5
40.079448341360404,3200.04928936498,293.92306084971807,27491.294208862644,nej,5
34.8409417668331,3344.518719939184,221.39791981464327,17401.085313022333,nej,5
32.86937113697195,3555.6412690094235,340.9154457579908,43864.21145951612,nej,5
39.381655192480295,3985.0812241735534,292.31173930089653,32164.96613507231,nej,5
42.06194879237971,3413.5377183971045,315.67425187476806,37318.402591017526,nej,5
40.35938860771371,3690.9762115367057,257.2226729618302,24896.22949860756,nej,5
38.3893870049874,4351.983581696412,345.1099106208375,45062.872825946346,nej,5
40.4141646810037,3811.6292622001592,253.000301111849,20120.118011612238,nej,5
47.99827071981011,3922.9129233628005,298.0628364180651,34739.81433771431,nej,5
41.04411600752732,3223.5579191438765,203.22408256108463,17817.425671819263,nej,5
40.82448736031246,3691.0802366863904,288.91479874145597,24591.7225443787,nej,5
46.95105405474919,4292.682430661448,329.48276134443665,36804.68341247189,nej,5
30.434766290917622,3658.1395099880515,390.7566962416973,62133.07743750482,nej,5
34.893634744094,3718.0818883527586,368.39099219569823,37047.988072943066,nej,5
42.252386618414775,4199.479519892293,340.0652868320456,34960.468944059365,nej,5
32.696287269636926,3610.658844145267,232.64946702013214,18493.05898155403,nej,5
37.08988106825936,4033.6304078712783,403.3442586432563,58800.13939188169,nej,5
35.070504509560635,3579.5141102565235,295.2532229989433,25290.29176769034,nej,5
26.540211342212913,2934.324651816609,323.9878756645329,26728.875735294117,nej,5
42.24823768406279,3964.125656112188,219.45336388002113,16639.109288734708,nej,5
34.57216648657176,3831.1983298601176,356.76725142952677,49515.24271111583,nej,5
44.314055741996484,4512.700913971347,356.82460365402045,44777.49839152786,nej,5
33.155351675231174,3369.543091396084,402.552461573062,52031.045967720995,nej,5
39.25681695242854,3591.416142146123,274.4496194367749,21975.35818948595,nej,5
29.295343395034052,3326.590610313753,385.9839741039087,43288.63211262897,nej,5
26.24883816873971,3302.930699014159,426.74169732058385,66742.56686437584,nej,5
33.95502696995655,3408.9168099799513,330.5005622316971,26536.118309200265,nej,5
37.390833514158615,3749.8394739275145,374.6910006645329,48819.60958158053,nej,5
39.55724170274422,3685.0379538857546,251.90595715859064,19041.182274927145,nej,5
37.58146258847414,3257.1444441252515,222.86499430860073,15764.94824762999,nej,5
